2014-08-27T11:29:46.000-05:00,31,Male,United Kingdom,NA,NA,Yes,Yes,Often,26-100,No,Yes,No,Yes,No,No,No,Somewhat difficult,Yes,Yes,Some of them,No,Maybe,Maybe,No,Yes,NA
2014-08-27T11:34:20.000-05:00,23,Male,United Kingdom,NA,NA,No,Yes,Sometimes,26-100,Yes,Yes,Don't know,No,Don't know,Don't know,Don't know,Very easy,Maybe,No,Some of them,No,Maybe,Maybe,No,No,My company does provide healthcare but not to me as I'm on a fixed-term contract. The mental healthcare I use is provided entirely outside of my work.
2014-08-27T11:39:31.000-05:00,30,male,United Kingdom,NA,No,Yes,Yes,Sometimes,500-1000,Yes,Yes,Don't know,No,No,No,Yes,Somewhat easy,Maybe,No,Some of them,Yes,No,Yes,Don't know,No,NA
2014-08-27T12:02:40.000-05:00,23,Male,United Kingdom,NA,No,No,No,Never,26-100,No,Yes,Yes,Not sure,Yes,Don't know,Don't know,Very easy,No,No,Some of them,Yes,Maybe,Maybe,Yes,No,NA
2014-08-27T12:31:41.000-05:00,21,Male,United Kingdom,NA,Yes,No,No,Often,1-5,Yes,No,No,Yes,No,No,Yes,Very difficult,Yes,No,Some of them,Yes,No,Maybe,No,No,NA
2014-08-27T12:34:13.000-05:00,27,Male,United Kingdom,NA,No,No,No,NA,6-25,No,Yes,No,No,No,No,Don't know,Don't know,No,No,Some of them,Some of them,No,No,Don't know,No,NA
2014-08-27T12:34:48.000-05:00,31,Male,United Kingdom,NA,No,Yes,No,Sometimes,6-25,No,Yes,No,No,No,No,Don't know,Somewhat easy,Maybe,Maybe,No,No,No,No,Yes,No,NA
2014-08-27T12:41:59.000-05:00,37,Male,United Kingdom,NA,No,Yes,Yes,Rarely,More than 1000,No,No,Yes,Yes,Yes,Yes,Yes,Somewhat difficult,Yes,Maybe,Some of them,No,No,Yes,No,Yes,NA
2014-08-27T12:47:25.000-05:00,27,Woman,United Kingdom,NA,Yes,Yes,No,NA,1-5,Yes,Yes,No,Yes,No,No,Yes,Somewhat easy,No,No,Yes,Yes,No,Maybe,Yes,No,as a UK-based company we don't have any medical provisions as it's all provided on the National Health Service (for now!) However if we do need to take days off for any kind of health problems everyone is understanding :)
2014-08-27T12:50:36.000-05:00,28,Male,United Kingdom,NA,No,No,No,NA,100-500,No,No,No,Not sure,No,Yes,Yes,Somewhat easy,No,No,Some of them,Some of them,Maybe,Maybe,Yes,No,NA
2014-08-27T12:53:05.000-05:00,23,male,United Kingdom,NA,No,Yes,No,NA,1-5,Yes,Yes,Don't know,No,No,No,Don't know,Don't know,No,No,Some of them,Yes,Maybe,Yes,Don't know,No,NA
2014-08-27T12:56:56.000-05:00,28,Male,United Kingdom,NA,No,Yes,Yes,Sometimes,More than 1000,No,Yes,Don't know,No,No,No,Don't know,Don't know,Maybe,Maybe,Some of them,No,No,Maybe,Don't know,No,NA
2014-08-27T13:07:24.000-05:00,26,Male,United Kingdom,NA,Yes,No,Yes,Often,1-5,Yes,Yes,No,No,No,No,Don't know,Don't know,Yes,No,No,No,No,Maybe,Don't know,No,NA
2014-08-27T13:12:43.000-05:00,33,Male,United Kingdom,NA,No,No,No,NA,26-100,No,Yes,Don't know,No,No,No,Don't know,Don't know,No,No,Yes,Yes,Yes,Yes,Don't know,No,NA
2014-08-27T13:22:42.000-05:00,26,male,United Kingdom,NA,Yes,No,Yes,Sometimes,1-5,No,Yes,No,Yes,No,No,Don't know,Don't know,Maybe,No,Some of them,Some of them,No,Maybe,Yes,No,NA
2014-08-27T13:24:34.000-05:00,38,Male,United Kingdom,NA,No,No,Yes,Sometimes,More than 1000,No,No,Don't know,Not sure,Don't know,Don't know,Don't know,Very difficult,Yes,No,No,No,No,Maybe,No,No,NA
2014-08-27T13:26:54.000-05:00,25,Male,United Kingdom,NA,No,No,No,Never,26-100,No,Yes,No,No,No,No,Don't know,Somewhat difficult,Yes,Maybe,No,No,No,Maybe,No,No,NA
2014-08-27T13:44:05.000-05:00,27,Male,United Kingdom,NA,No,No,No,NA,100-500,No,No,Don't know,Not sure,Don't know,Don't know,No,Very easy,Maybe,Maybe,Yes,Yes,No,No,Don't know,No,NA
2014-08-27T13:54:24.000-05:00,32,Male,United Kingdom,NA,Yes,Yes,Yes,Sometimes,1-5,Yes,Yes,Don't know,Not sure,Don't know,Don't know,Don't know,Very easy,Maybe,Maybe,Yes,Some of them,Maybe,Maybe,Don't know,Yes,Some of these questions were difficult to answer as being self-employed they didn't all apply to me.
2014-08-27T13:59:24.000-05:00,34,male,United Kingdom,NA,No,No,No,Sometimes,26-100,No,Yes,No,Yes,No,No,Don't know,Somewhat easy,Maybe,Maybe,Yes,Some of them,No,No,Don't know,No,NA
2014-08-27T14:11:46.000-05:00,27,Male,United Kingdom,NA,No,Yes,Yes,Sometimes,6-25,No,Yes,No,No,No,No,Yes,Somewhat easy,Maybe,Maybe,Yes,Yes,Yes,Yes,Yes,No,Hi Ed it's Paul Dragoonis. I have Aspergers/High Functioning Autism :-)
2014-08-27T14:38:06.000-05:00,30,Male,United Kingdom,NA,No,No,Yes,Sometimes,26-100,No,Yes,Don't know,No,No,Don't know,Don't know,Don't know,Yes,Maybe,No,No,No,Maybe,Don't know,No,NA
2014-08-27T14:51:29.000-05:00,30,Male,United Kingdom,NA,No,No,No,Never,6-25,No,Yes,No,No,No,Don't know,Don't know,Very easy,No,No,Some of them,Yes,No,Maybe,Yes,No,A co-worker recently had mental health issues and my employer was very reasonable with them I don't know the full story but I do know that he was given ample time off and eased back in to the work place.
2014-08-27T16:14:04.000-05:00,39,Female,United Kingdom,NA,No,No,Yes,Sometimes,More than 1000,No,Yes,Yes,Yes,No,Yes,Don't know,Don't know,Yes,No,Some of them,Some of them,No,Maybe,No,Yes,NA
2014-08-27T16:39:01.000-05:00,32,male,United Kingdom,NA,No,Yes,Yes,Sometimes,6-25,Yes,Yes,Yes,No,No,No,Don't know,Don't know,No,No,Yes,Yes,Maybe,Maybe,Yes,No,NA
2014-08-27T17:10:56.000-05:00,34,Male,United Kingdom,NA,No,Yes,Yes,Often,26-100,No,Yes,No,Yes,No,No,Yes,Very easy,Maybe,Maybe,Yes,Yes,No,No,No,No,NA
2014-08-27T17:52:31.000-05:00,27,Male,United Kingdom,NA,No,No,No,Never,6-25,No,Yes,Don't know,No,No,No,Don't know,Don't know,Maybe,Maybe,Some of them,Some of them,No,No,Don't know,No,NA
2014-08-27T18:02:42.000-05:00,32,male,United Kingdom,NA,No,No,No,Never,6-25,No,Yes,Don't know,No,No,No,Don't know,Don't know,No,No,Yes,Yes,Yes,Yes,Yes,No,NA
2014-08-27T18:13:38.000-05:00,28,Androgyne,United Kingdom,NA,No,Yes,Yes,Rarely,100-500,No,Yes,No,Not sure,No,No,Yes,Somewhat difficult,Yes,Yes,Some of them,Some of them,Yes,No,No,Yes,I bring up my depression in interviews solely because I have a large gap on my CV due to mental health issues which could be mistaken for a gap taken to say have children which I feel would harm my chances much more. I have other MH issues I would never bring up with employers or peers.
2014-08-27T18:16:52.000-05:00,30,Male,United Kingdom,NA,No,No,No,Never,26-100,Yes,Yes,Don't know,Not sure,Don't know,Don't know,Don't know,Very easy,No,No,Yes,Yes,Maybe,Maybe,Yes,No,NA
2014-08-28T02:32:11.000-05:00,24,Female,United Kingdom,NA,No,No,Yes,Sometimes,100-500,No,Yes,No,No,No,No,Don't know,Don't know,Maybe,No,No,Some of them,No,Maybe,Don't know,No,NA
2014-08-28T03:06:14.000-05:00,30,Male,United Kingdom,NA,No,No,Yes,Often,26-100,No,Yes,No,No,No,No,Yes,Somewhat easy,No,No,Some of them,Yes,No,Maybe,Yes,No,NA
2014-08-28T04:09:14.000-05:00,29,Male,United Kingdom,NA,No,Yes,Yes,Never,100-500,No,Yes,Don't know,Not sure,Don't know,Don't know,Don't know,Don't know,Maybe,Maybe,No,No,No,No,No,No,NA
2014-08-28T04:11:27.000-05:00,54,male,United Kingdom,NA,Yes,Yes,Yes,Sometimes,1-5,Yes,Yes,Don't know,Not sure,No,No,Don't know,Very easy,No,No,Some of them,Yes,Yes,Yes,Don't know,Yes,NA
2014-08-28T04:37:54.000-05:00,30,M,United Kingdom,NA,No,Yes,Yes,Sometimes,More than 1000,No,Yes,Yes,Yes,No,Don't know,Yes,Don't know,Maybe,No,Some of them,Yes,No,Yes,Yes,No,NA
2014-08-28T05:12:15.000-05:00,27,Male,United Kingdom,NA,No,No,No,Never,1-5,No,Yes,Don't know,No,No,Don't know,Don't know,Don't know,No,No,Some of them,Yes,Maybe,Maybe,Don't know,No,NA
2014-08-28T09:54:21.000-05:00,27,f,United Kingdom,NA,No,No,Yes,Sometimes,6-25,Yes,Yes,Don't know,Not sure,Yes,Don't know,Yes,Very easy,No,No,Yes,Yes,Maybe,Maybe,Yes,No,NA
2014-08-28T09:56:04.000-05:00,32,Male,United Kingdom,NA,No,No,Yes,Sometimes,26-100,No,No,Yes,Yes,No,No,Yes,Very easy,No,No,No,Yes,No,No,Yes,No,NA
2014-08-28T10:13:44.000-05:00,33,Male,United Kingdom,NA,No,No,No,NA,6-25,No,Yes,Don't know,No,No,No,Don't know,Don't know,Maybe,No,Some of them,Some of them,No,Maybe,Don't know,No,NA
2014-08-28T10:47:12.000-05:00,33,Male,United Kingdom,NA,No,No,Yes,Sometimes,26-100,No,Yes,Don't know,Not sure,No,No,Don't know,Don't know,Maybe,No,Some of them,No,No,Maybe,Don't know,No,NA
2014-08-28T10:51:08.000-05:00,27,Male,United Kingdom,NA,No,No,No,NA,6-25,No,Yes,No,No,No,Yes,Yes,Don't know,Maybe,No,Yes,Some of them,No,Yes,Yes,No,NA
2014-08-28T11:50:28.000-05:00,27,Male,United Kingdom,NA,No,No,No,Never,26-100,No,Yes,Don't know,Not sure,No,Don't know,Don't know,Somewhat easy,No,No,Some of them,No,Yes,Yes,Don't know,No,NA
2014-08-28T11:58:21.000-05:00,28,Male,United Kingdom,NA,No,No,No,Never,26-100,No,Yes,Don't know,Not sure,No,No,Don't know,Somewhat easy,No,No,Some of them,Yes,Maybe,Yes,Don't know,No,NA
2014-08-28T12:05:41.000-05:00,32,Male,United Kingdom,NA,No,No,No,NA,More than 1000,No,No,Don't know,Not sure,No,Don't know,Don't know,Don't know,Maybe,No,Some of them,Some of them,No,Yes,Don't know,No,NA
2014-08-28T12:06:55.000-05:00,28,Male,United Kingdom,NA,No,No,No,NA,More than 1000,No,No,Don't know,Not sure,No,Don't know,Don't know,Don't know,No,No,Some of them,Some of them,Yes,Yes,No,No,NA
2014-08-28T12:07:28.000-05:00,37,Male,United Kingdom,NA,No,Yes,Yes,Rarely,6-25,No,Yes,No,No,No,No,Yes,Somewhat easy,Yes,No,Some of them,Yes,No,Maybe,No,Yes,Some of these questions are not really suitable for non US people.
2014-08-28T12:10:08.000-05:00,32,Neuter,United Kingdom,NA,No,No,Yes,Sometimes,More than 1000,No,No,Don't know,No,Yes,Yes,Don't know,Don't know,No,No,Yes,Some of them,Yes,Yes,Yes,Yes,NA
2014-08-28T13:47:37.000-05:00,32,M,United Kingdom,NA,No,No,No,NA,26-100,No,Yes,Don't know,Not sure,No,Don't know,Don't know,Somewhat easy,Maybe,Maybe,Some of them,Some of them,Maybe,Maybe,Don't know,No,NA
2014-08-28T14:01:56.000-05:00,29,Male,United Kingdom,NA,No,No,No,Never,6-25,No,Yes,Don't know,No,No,No,Don't know,Don't know,Maybe,No,Some of them,No,No,Maybe,Don't know,No,NA
2014-08-28T14:02:07.000-05:00,29,m,United Kingdom,NA,No,No,Yes,Sometimes,100-500,No,Yes,No,No,No,No,Don't know,Somewhat difficult,No,No,Some of them,Some of them,No,Maybe,No,No,NA
2014-08-28T15:40:32.000-05:00,29,female,United Kingdom,NA,No,No,Yes,Rarely,6-25,No,Yes,Don't know,No,No,No,Don't know,Don't know,Maybe,No,Some of them,No,No,Maybe,Don't know,No,NA
2014-08-28T16:09:35.000-05:00,44,Male,United Kingdom,NA,No,Yes,Yes,Sometimes,500-1000,No,No,Don't know,No,No,No,Don't know,Somewhat difficult,Maybe,No,Some of them,Yes,No,Maybe,No,Yes,NA
2014-08-28T16:58:33.000-05:00,21,Male,United Kingdom,NA,No,Yes,No,Never,6-25,No,No,No,No,No,No,Yes,Somewhat easy,Maybe,No,Some of them,Some of them,No,Maybe,Don't know,No,NA
2014-08-28T17:02:44.000-05:00,32,male,United Kingdom,NA,No,Yes,Yes,Rarely,6-25,No,No,No,No,No,No,No,Don't know,Yes,Maybe,Some of them,No,No,No,No,No,NA
2014-08-28T17:28:46.000-05:00,31,Male,United Kingdom,NA,No,No,Yes,Rarely,6-25,No,Yes,Don't know,Not sure,No,No,Don't know,Don't know,No,No,Some of them,Yes,No,No,Don't know,No,NA
2014-08-28T17:57:39.000-05:00,43,Male,United Kingdom,NA,No,Yes,Yes,Rarely,26-100,No,Yes,No,No,No,No,Don't know,Very difficult,Yes,Yes,Some of them,No,No,No,No,Yes,NA
2014-08-28T17:59:31.000-05:00,24,Male,United Kingdom,NA,Yes,No,No,NA,1-5,Yes,Yes,No,Yes,No,No,Yes,Very easy,No,No,No,No,No,Maybe,Yes,No,NA
2014-08-28T18:21:58.000-05:00,24,Female,United Kingdom,NA,No,Yes,Yes,Often,6-25,Yes,Yes,No,No,No,No,Don't know,Very easy,No,No,Yes,Yes,No,No,Don't know,No,NA
2014-08-28T19:15:35.000-05:00,34,male,United Kingdom,NA,Yes,No,Yes,Sometimes,1-5,Yes,Yes,No,No,No,No,Yes,Somewhat difficult,No,No,Some of them,Some of them,No,No,Yes,No,NA
2014-08-28T22:20:33.000-05:00,38,Male,United Kingdom,NA,Yes,Yes,Yes,Rarely,1-5,Yes,No,No,No,No,No,Yes,Very difficult,Maybe,No,No,No,No,No,No,No,NA
2014-08-29T01:14:09.000-05:00,24,Male,United Kingdom,NA,No,Yes,Yes,Often,26-100,No,No,Don't know,Yes,No,No,No,Somewhat easy,Yes,Maybe,Some of them,Yes,No,Maybe,No,Yes,NA
2014-08-29T05:39:21.000-05:00,24,M,United Kingdom,NA,Yes,Yes,No,Often,1-5,Yes,Yes,Don't know,Not sure,No,No,Don't know,Don't know,Maybe,No,Some of them,Some of them,No,Maybe,Don't know,No,NA
2014-08-29T05:47:19.000-05:00,55,male,United Kingdom,NA,No,No,Yes,Often,More than 1000,No,No,Yes,Yes,Yes,Yes,Don't know,Somewhat easy,Yes,Maybe,No,Some of them,No,Maybe,No,Yes,NA
2014-08-29T06:42:57.000-05:00,33,female,United Kingdom,NA,Yes,No,Yes,Sometimes,1-5,Yes,Yes,No,Yes,Yes,Yes,Yes,Very easy,No,No,Some of them,Yes,No,No,Don't know,No,NA
2014-08-29T07:21:30.000-05:00,30,Male,United Kingdom,NA,Yes,No,Yes,Sometimes,6-25,No,Yes,No,Yes,No,No,No,Very difficult,Yes,Yes,No,No,No,No,Yes,Yes,NA
2014-08-29T09:02:56.000-05:00,39,Female,United Kingdom,NA,No,Yes,No,Rarely,500-1000,Yes,Yes,Don't know,Not sure,No,No,Don't know,Somewhat difficult,Yes,Yes,No,No,No,No,No,Yes,NA
2014-08-29T09:03:50.000-05:00,28,male,United Kingdom,NA,No,No,No,Often,6-25,No,Yes,No,No,No,No,No,Somewhat difficult,Yes,No,No,No,No,Yes,Yes,No,NA
2014-08-29T09:12:16.000-05:00,38,Male,United Kingdom,NA,No,No,No,NA,1-5,Yes,Yes,No,No,No,No,Yes,Somewhat easy,No,No,Some of them,Yes,No,No,Don't know,No,NA
2014-08-29T09:15:05.000-05:00,28,male,United Kingdom,NA,Yes,No,No,NA,1-5,Yes,Yes,No,Yes,No,No,Yes,Very easy,Maybe,Maybe,No,No,No,No,Yes,No,NA
2014-08-29T09:35:46.000-05:00,35,Male,United Kingdom,NA,No,Yes,Yes,Sometimes,1-5,No,Yes,No,Yes,No,No,Yes,Very easy,Yes,Yes,Some of them,Some of them,No,Maybe,Yes,Yes,NA
2014-08-29T10:13:39.000-05:00,32,Male,United Kingdom,NA,No,No,No,NA,6-25,No,Yes,No,No,No,No,Don't know,Don't know,Maybe,Maybe,No,No,No,Maybe,Don't know,No,NA
2014-08-29T11:32:22.000-05:00,39,Male,United Kingdom,NA,Yes,Yes,Yes,Sometimes,1-5,Yes,Yes,No,Yes,Yes,Yes,Yes,Somewhat difficult,No,No,Yes,Yes,No,Maybe,Yes,Yes,These result may be a tad confusing so a summary follows.* Currently self-employed so employer is me :)* Last place of employment was amazing when I first discovered I was bi-polar and helped me as long as I was there up to and including a mental health course for the whole team (although no mention why to others which was great).* I've never had a negative reaction yet but I know others who have.* I've been very lucky with company I keep which is why my experience is largely good.
2014-08-30T14:00:22.000-05:00,40,Male,United Kingdom,NA,No,No,Yes,Never,100-500,No,Yes,Don't know,Not sure,No,Don't know,Don't know,Very easy,Maybe,No,Yes,Some of them,No,Maybe,Don't know,No,NA
2014-08-30T18:29:00.000-05:00,32,Male,United Kingdom,NA,Yes,No,Yes,Rarely,1-5,No,Yes,No,Yes,Yes,Yes,Yes,Very easy,No,No,Some of them,Yes,No,Yes,No,Yes,NA
2014-08-30T19:35:58.000-05:00,44,Male,United Kingdom,NA,No,No,Yes,Sometimes,More than 1000,No,No,No,No,No,Yes,Don't know,Don't know,Maybe,No,Some of them,Some of them,No,No,No,No,NA
2014-08-30T19:56:23.000-05:00,33,Female,United Kingdom,NA,No,No,Yes,Never,100-500,No,Yes,Don't know,Not sure,No,Don't know,Don't know,Very easy,Maybe,No,Some of them,Some of them,No,Maybe,No,No,NA
2014-08-31T15:23:16.000-05:00,32,male,United Kingdom,NA,No,No,No,NA,26-100,No,Yes,No,No,No,No,Don't know,Don't know,Maybe,No,No,No,No,No,Don't know,Yes,NA
2014-09-01T04:28:55.000-05:00,27,Male,United Kingdom,NA,No,No,Yes,Sometimes,More than 1000,No,No,No,No,No,No,Yes,Somewhat easy,Maybe,No,Yes,Yes,Maybe,Maybe,No,No,suffer from CR-PTSD so all answered based on that
2014-09-01T06:52:31.000-05:00,25,Male,United Kingdom,NA,No,Yes,Yes,Sometimes,26-100,Yes,Yes,No,No,No,No,Yes,Very easy,No,No,Some of them,Yes,No,Maybe,Yes,No,Since being advised by Occupational Health that the tempo and spontenaity of the office environment was likely to have a negative effect on my mental health (I'm schizoaffective) I've been moved to 100% remote (home) working. The company have furnished a home office for me and I am only required to attend the office once a month to keep in touch
2014-09-01T10:40:32.000-05:00,27,female,United Kingdom,NA,No,Yes,No,NA,More than 1000,No,No,No,Yes,No,No,Yes,Don't know,Maybe,No,No,No,No,Yes,Yes,No,NA
2014-09-01T17:59:14.000-05:00,38,Male,United Kingdom,NA,No,Yes,Yes,Sometimes,1-5,No,Yes,No,Not sure,Don't know,Don't know,Don't know,Very easy,No,No,Some of them,Yes,Maybe,Yes,Don't know,No,NA
2014-09-02T04:00:58.000-05:00,26,Male,United Kingdom,NA,No,No,No,Never,6-25,No,Yes,No,No,No,No,Don't know,Don't know,Yes,Maybe,Some of them,No,No,Maybe,Don't know,No,NA
2014-09-02T20:23:49.000-05:00,31,male,United Kingdom,NA,No,Yes,Yes,Never,6-25,No,Yes,Don't know,Not sure,No,Don't know,Don't know,Somewhat easy,No,No,Some of them,Some of them,No,No,Don't know,No,When I've had a depression I was lucky to have an awesome manager who was very understanding and found a budget to pay for my therapy sessions.
2014-09-04T06:23:48.000-05:00,31,Male,United Kingdom,NA,No,No,No,Never,100-500,No,Yes,Yes,No,No,Yes,Don't know,Don't know,Maybe,Yes,Some of them,No,No,No,Yes,No,NA
2014-09-13T07:52:27.000-05:00,23,Male,United Kingdom,NA,No,No,Yes,Sometimes,1-5,No,Yes,No,No,No,No,Don't know,Very difficult,Maybe,No,Yes,Yes,Yes,Yes,No,Yes,I burnt out this year. I worked too much had too much pressure on myself from being the sole developer on a delayed project that seemed to grow in size with each week it was delayed by and worried about money a lot.I became depressed and anxious and had trouble eating sleeping and generally being myself. As my depression worsened I was regularly late for work couldn't perform as well as I should and became irritable with my colleagues.My employers response after a while was to send me private messages complaining about my lateness which only worsened the situation. I was prescribed 3 weeks off work by my doctor which my employer agreed to only to come back after to find I had been on 'statutory pay' which was roughly half of what I was expecting and was not enough to cover my rent bills AND food. This made me worse and sent me into another depression until I eventually admitted defeat gave up working and left the company. It took me months to recover and I'm now left (over 6 months after this all started) recovering from the fallout I created leaving employment with hardly any money to my name.I had previously been told by my employer that I was too young to burn out and (stupidly) trusted them. I did not feel comfortable discussing my problems with my employer because each time I was met with an attitude that I had to get myself together and ultimately given the amount of employees before me who had left the company by being fired after an altercation with the employer left me with no option but to hide it from them so I too wouldn't be fired.
2015-02-21T05:55:13.000-06:00,24,Male,United Kingdom,NA,No,No,No,NA,100-500,No,Yes,Don't know,Not sure,No,No,Don't know,Somewhat easy,Maybe,Maybe,Some of them,Yes,No,Maybe,Don't know,No,NA
2015-02-21T06:19:41.000-06:00,34,Male,United Kingdom,NA,No,Yes,No,Often,26-100,Yes,No,Don't know,Not sure,No,No,Don't know,Somewhat easy,Maybe,No,Some of them,Yes,Maybe,Yes,Yes,No,NA
2015-02-21T09:30:14.000-06:00,27,Male,United Kingdom,NA,No,No,No,Rarely,More than 1000,Yes,No,Don't know,Not sure,No,Yes,Don't know,Don't know,No,No,Some of them,Yes,No,No,Don't know,No,NA
2015-02-24T09:13:49.000-06:00,23,Male,United Kingdom,NA,No,No,Yes,Rarely,6-25,No,Yes,No,Yes,No,No,Don't know,Don't know,No,No,Yes,Yes,No,Maybe,Don't know,No,NA
2015-02-24T09:15:13.000-06:00,24,"ostensibly male, unsure what that really means",United Kingdom,NA,No,No,Yes,Sometimes,6-25,No,No,Don't know,No,No,Don't know,Don't know,Don't know,Yes,Maybe,No,No,No,Maybe,Don't know,No,i'm in a country with social health care so my options are not dependant on my employer. this makes a few of the early questions less relevant than they would be for a resident of the US.
2015-09-12T11:17:21.000-05:00,26,male,United Kingdom,NA,No,No,Yes,NA,26-100,No,Yes,No,No,No,No,Don't know,Somewhat easy,No,No,Some of them,Some of them,No,No,Don't know,No,NA
2014-08-27T11:38:18.000-05:00,37,Male,United Kingdom,NA,No,No,No,Sometimes,6-25,No,Yes,No,No,No,No,Don't know,Very difficult,Yes,Maybe,Some of them,No,No,Maybe,No,No,NA
2014-08-27T11:39:03.000-05:00,32,Male,United Kingdom,NA,No,No,No,Never,6-25,Yes,Yes,No,No,No,No,Don't know,Don't know,Yes,Yes,Some of them,Some of them,No,Maybe,No,No,NA
2014-08-27T11:42:25.000-05:00,24,Male,United Kingdom,NA,No,No,Yes,Sometimes,6-25,No,Yes,No,No,No,No,Don't know,Don't know,Maybe,Maybe,Some of them,No,No,Yes,No,Yes,NA
2014-08-27T11:43:45.000-05:00,28,Male,United Kingdom,NA,No,No,No,NA,26-100,No,Yes,Don't know,Not sure,No,No,Don't know,Don't know,No,Maybe,Some of them,Yes,Maybe,Yes,Don't know,No,NA
2014-08-27T11:50:27.000-05:00,27,Male,United Kingdom,NA,No,No,No,Never,100-500,No,Yes,Yes,Not sure,No,Yes,Don't know,Somewhat easy,No,No,Yes,Yes,Maybe,Maybe,Yes,No,NA
2014-08-27T11:56:17.000-05:00,38,Male,United Kingdom,NA,No,No,No,NA,26-100,No,Yes,No,No,No,Don't know,Yes,Somewhat easy,No,No,Some of them,Yes,Maybe,Yes,Yes,No,NA
2014-08-27T11:57:30.000-05:00,19,Male,United Kingdom,NA,No,No,No,NA,1-5,No,Yes,No,Yes,No,No,No,Somewhat difficult,Yes,No,No,No,No,Maybe,No,No,NA
2014-08-27T12:07:08.000-05:00,39,Male,United Kingdom,NA,Yes,No,Yes,Often,6-25,No,Yes,No,No,No,No,Don't know,Very difficult,Maybe,No,Some of them,No,No,Maybe,No,Yes,NA
2014-08-27T12:31:34.000-05:00,26,Male,United Kingdom,NA,No,No,No,Never,6-25,No,Yes,Don't know,No,No,Don't know,Don't know,Very easy,No,No,Some of them,Some of them,No,No,Don't know,Yes,NA
2014-08-27T12:37:09.000-05:00,39,M,United Kingdom,NA,No,No,No,Never,26-100,No,No,No,No,No,No,Don't know,Don't know,Yes,Maybe,No,No,No,No,Don't know,No,NA
2014-08-27T12:37:26.000-05:00,28,Male,United Kingdom,NA,No,No,No,Never,6-25,No,Yes,Don't know,No,No,No,Yes,Very easy,No,No,Some of them,Yes,Maybe,Maybe,Yes,No,NA
2014-08-27T12:38:18.000-05:00,37,Male,United Kingdom,NA,Yes,No,Yes,Sometimes,More than 1000,No,No,No,Yes,Yes,Yes,Yes,Very difficult,Yes,Yes,Some of them,No,No,Maybe,Yes,No,I'm not a permanent employee so do not get they benefits they get.My client is extremely supportive of permanent staff with mental health issues.
2014-08-27T12:39:48.000-05:00,24,M,United Kingdom,NA,No,No,No,Never,6-25,No,Yes,No,No,No,No,Yes,Don't know,Maybe,Maybe,No,Some of them,No,No,Don't know,No,NA
2014-08-27T12:43:53.000-05:00,36,Male,United Kingdom,NA,No,No,Yes,Sometimes,More than 1000,No,No,Yes,Yes,Yes,Yes,Yes,Somewhat easy,Maybe,Maybe,Some of them,Some of them,No,Maybe,Don't know,Yes,I feel that my employer and colleagues have created my mental health issue. Additionally I have contributed to this by staying in the same job with the same employer for 10+ years.
2014-08-27T12:48:39.000-05:00,24,Male,United Kingdom,NA,No,No,No,Rarely,100-500,No,Yes,Don't know,Not sure,Yes,Don't know,Don't know,Very easy,Maybe,Maybe,Some of them,Some of them,No,Maybe,Don't know,No,NA
2014-08-27T12:48:40.000-05:00,26,Male,United Kingdom,NA,No,No,Yes,Sometimes,More than 1000,No,Yes,Yes,Yes,Don't know,Don't know,Yes,Somewhat easy,No,No,Yes,Yes,No,No,Don't know,No,My employer employs 17k people worldwide and my previous employer only 140 globally both have been very supportive and accommodating with my moderate depression and intense anxiety.
2014-08-27T12:48:51.000-05:00,31,Male,United Kingdom,NA,Yes,No,Yes,Often,6-25,No,Yes,Don't know,No,No,No,Don't know,Don't know,Maybe,No,Some of them,Yes,No,Maybe,Don't know,No,NA
2014-08-27T12:51:51.000-05:00,28,Female,United Kingdom,NA,No,No,No,Never,26-100,No,Yes,Don't know,No,No,Don't know,Yes,Somewhat easy,No,No,Yes,Yes,Maybe,Maybe,Don't know,No,NA
2014-08-27T12:52:49.000-05:00,24,Male,United Kingdom,NA,No,No,No,Sometimes,6-25,No,Yes,Don't know,No,No,Don't know,Don't know,Somewhat easy,Maybe,No,Some of them,Yes,Maybe,Yes,Yes,No,NA
2014-08-27T13:02:14.000-05:00,32,Male,United Kingdom,NA,No,Yes,Yes,Sometimes,100-500,Yes,Yes,Don't know,Not sure,No,No,Don't know,Somewhat difficult,Yes,Maybe,No,No,No,No,No,Yes,I've answered 'Yes' on remote working but 50% is the maximum time we're allowed.The branch of the company I work for doesn't offer any medical benefits. It's not as common in the UK as we have the NHS for the moment. There are international branches that may so I've answered 'Don't know'.
2014-08-27T13:06:12.000-05:00,37,Male,United Kingdom,NA,No,Yes,No,Sometimes,26-100,No,No,No,No,No,No,Don't know,Don't know,Yes,Maybe,Some of them,Yes,No,Maybe,Don't know,No,NA
2014-08-27T13:29:45.000-05:00,34,Male,United Kingdom,NA,No,Yes,No,NA,6-25,No,Yes,No,No,No,No,Yes,Somewhat difficult,No,No,Some of them,Yes,No,Yes,No,Yes,NA
2014-08-27T13:37:18.000-05:00,29,Male,United Kingdom,NA,No,No,No,NA,6-25,No,No,No,No,No,No,Yes,Very easy,No,No,Yes,Yes,Maybe,Yes,Yes,No,NA
2014-08-27T13:47:05.000-05:00,23,Female,United Kingdom,NA,No,No,Yes,Sometimes,6-25,No,Yes,Don't know,Not sure,Don't know,Don't know,Don't know,Don't know,Maybe,Maybe,Some of them,Some of them,No,Maybe,Yes,No,NA
2014-08-27T13:48:01.000-05:00,24,Male,United Kingdom,NA,No,No,No,NA,1-5,No,Yes,No,No,No,No,Don't know,Don't know,Yes,No,Some of them,Some of them,No,Yes,No,No,NA
2014-08-27T14:41:16.000-05:00,33,Male,United Kingdom,NA,No,No,No,Rarely,1-5,Yes,Yes,Don't know,No,No,No,Don't know,Don't know,Yes,Maybe,No,No,No,Maybe,No,No,NA
2014-08-27T15:15:29.000-05:00,21,Male,United Kingdom,NA,No,No,Yes,Sometimes,6-25,No,No,Don't know,Not sure,No,No,No,Very easy,Yes,No,Some of them,No,No,Maybe,No,No,NA
2014-08-27T15:25:09.000-05:00,48,M,United Kingdom,NA,No,No,No,NA,26-100,No,Yes,Don't know,No,No,No,Don't know,Don't know,Maybe,Maybe,No,No,No,No,No,No,NA
2014-08-27T15:25:16.000-05:00,35,Male,United Kingdom,NA,No,No,No,Sometimes,6-25,No,Yes,No,No,No,No,Don't know,Very difficult,Maybe,Maybe,Some of them,Yes,No,Maybe,No,Yes,NA
2014-08-27T15:30:51.000-05:00,31,Enby,United Kingdom,NA,No,Yes,Yes,Sometimes,More than 1000,No,Yes,Don't know,No,No,No,Don't know,Don't know,Yes,Maybe,No,No,No,Yes,Yes,No,NA
2014-08-27T15:34:23.000-05:00,32,Male,United Kingdom,NA,No,Yes,Yes,Sometimes,6-25,No,Yes,No,No,No,Don't know,Don't know,Somewhat easy,No,No,Some of them,Yes,No,No,Don't know,No,NA
2014-08-27T15:43:30.000-05:00,26,Male,United Kingdom,NA,No,Yes,No,Sometimes,6-25,No,Yes,No,No,No,No,Don't know,Don't know,Maybe,Maybe,No,No,No,Maybe,No,No,NA
2014-08-27T15:59:41.000-05:00,32,Male,United Kingdom,NA,No,No,No,Never,6-25,No,Yes,No,No,No,No,Don't know,Don't know,Maybe,No,Some of them,No,No,Yes,Yes,No,NA
2014-08-27T16:00:16.000-05:00,29,Male,United Kingdom,NA,No,No,No,NA,26-100,No,Yes,Don't know,No,Don't know,Don't know,Don't know,Don't know,No,No,Some of them,Yes,Maybe,Maybe,Yes,No,NA
2014-08-27T16:04:01.000-05:00,38,Male,United Kingdom,NA,Yes,No,Yes,Sometimes,26-100,Yes,Yes,No,No,No,No,Yes,Somewhat easy,Maybe,Maybe,Some of them,Yes,No,Maybe,Yes,No,NA
2014-08-27T16:07:32.000-05:00,28,Male,United Kingdom,NA,No,No,Yes,Sometimes,More than 1000,No,Yes,No,No,No,No,No,Very difficult,Yes,Maybe,No,Some of them,No,Maybe,No,No,NA
2014-08-27T16:19:05.000-05:00,18,Female,United Kingdom,NA,No,Yes,Yes,Sometimes,1-5,Yes,Yes,Don't know,Not sure,Don't know,Don't know,Don't know,Don't know,Maybe,Maybe,Some of them,Some of them,Maybe,Maybe,Don't know,No,I don't have a job :D
2014-08-27T16:28:20.000-05:00,54,Male,United Kingdom,NA,No,No,Yes,Sometimes,More than 1000,Yes,No,No,Yes,Yes,Yes,Yes,Very easy,No,No,Yes,Yes,Maybe,Maybe,No,No,NA
2014-08-27T16:32:31.000-05:00,32,male,United Kingdom,NA,No,No,No,NA,26-100,No,Yes,No,Not sure,No,Don't know,Don't know,Don't know,No,No,No,Some of them,No,Maybe,Don't know,No,NA
2014-08-27T17:39:58.000-05:00,27,Male,United Kingdom,NA,No,No,No,NA,6-25,No,Yes,No,No,No,No,Don't know,Don't know,No,No,Some of them,Yes,No,Yes,Don't know,No,NA
2014-08-27T18:14:59.000-05:00,23,female,United Kingdom,NA,No,No,No,NA,6-25,No,Yes,Don't know,Not sure,No,No,Don't know,Very easy,Maybe,No,No,Some of them,No,Yes,Yes,No,NA
2014-08-27T18:56:46.000-05:00,21,Agender,United Kingdom,NA,No,No,Yes,Sometimes,26-100,No,Yes,No,Yes,Yes,No,Yes,Somewhat easy,Maybe,No,Some of them,Some of them,No,No,Yes,No,NA
2014-08-28T01:04:45.000-05:00,22,Male,United Kingdom,NA,No,Yes,Yes,Sometimes,100-500,No,Yes,Yes,Yes,No,No,Yes,Very easy,No,No,Some of them,Yes,Maybe,Yes,Yes,No,NA
2014-08-28T09:16:21.000-05:00,21,Female,United Kingdom,NA,No,No,No,NA,6-25,No,Yes,No,No,No,No,Don't know,Don't know,Yes,Maybe,Some of them,No,No,No,Don't know,No,NA
2014-08-28T09:56:03.000-05:00,32,Male,United Kingdom,NA,No,No,No,NA,6-25,No,Yes,No,No,No,No,Don't know,Don't know,Yes,No,No,No,No,Yes,No,No,NA
2014-08-28T10:00:48.000-05:00,32,Male,United Kingdom,NA,No,No,Yes,Rarely,100-500,No,Yes,Don't know,No,No,No,Don't know,Don't know,Maybe,No,Yes,Yes,No,Maybe,No,Yes,NA
2014-08-28T10:02:45.000-05:00,34,Male,United Kingdom,NA,No,No,No,NA,6-25,No,Yes,No,No,No,No,Don't know,Somewhat easy,Maybe,Maybe,Some of them,Yes,No,Maybe,Don't know,No,NA
2014-08-28T10:07:53.000-05:00,-1726,male,United Kingdom,NA,No,No,Yes,Sometimes,26-100,No,No,No,No,No,No,Don't know,Somewhat difficult,Yes,No,No,No,No,Maybe,Don't know,No,NA
2014-08-28T10:29:47.000-05:00,37,m,United Kingdom,NA,No,No,Yes,Often,6-25,No,Yes,No,No,No,No,Don't know,Don't know,Yes,No,Yes,Yes,Maybe,Yes,No,No,NA
2014-08-28T10:42:09.000-05:00,33,Male,United Kingdom,NA,Yes,No,No,Never,100-500,No,No,No,Not sure,No,No,Don't know,Very easy,No,No,Yes,Some of them,No,Yes,No,No,NA
2014-08-28T11:02:41.000-05:00,39,Male,United Kingdom,NA,No,No,Yes,Sometimes,100-500,No,Yes,No,No,No,No,Don't know,Very easy,No,No,No,Some of them,No,Yes,Yes,No,NA
2014-08-28T11:59:23.000-05:00,39,male,United Kingdom,NA,No,No,Yes,Sometimes,500-1000,No,No,Don't know,No,No,No,Don't know,Don't know,Maybe,Maybe,Some of them,Some of them,No,No,Don't know,No,NA
2014-08-28T12:12:49.000-05:00,31,Female,United Kingdom,NA,No,No,No,NA,6-25,No,Yes,Don't know,No,No,No,Don't know,Don't know,No,No,Yes,Yes,Maybe,Maybe,Don't know,No,NA
2014-08-28T12:15:08.000-05:00,43,Male,United Kingdom,NA,No,No,Yes,Never,26-100,No,Yes,Don't know,No,No,Don't know,Don't know,Don't know,No,No,Yes,Yes,Yes,Yes,Don't know,No,NA
2014-08-28T12:19:42.000-05:00,34,male,United Kingdom,NA,No,Yes,Yes,Sometimes,More than 1000,No,Yes,Don't know,Not sure,Don't know,Don't know,Yes,Very easy,No,No,Some of them,Yes,No,Maybe,Yes,No,NA
2014-08-28T12:40:46.000-05:00,32,Male,United Kingdom,NA,Yes,Yes,No,NA,1-5,No,Yes,No,Yes,No,No,Yes,Somewhat easy,No,No,No,Yes,No,Maybe,No,No,NA
2014-08-28T12:53:21.000-05:00,29,M,United Kingdom,NA,No,No,No,Rarely,100-500,No,Yes,Don't know,Not sure,No,No,Don't know,Somewhat easy,No,No,Some of them,Yes,No,Maybe,Don't know,Yes,NA
2014-08-28T14:15:02.000-05:00,36,F,United Kingdom,NA,Yes,No,No,Sometimes,1-5,Yes,Yes,Don't know,Not sure,Don't know,Don't know,Don't know,Don't know,Maybe,No,Some of them,No,No,No,Don't know,No,NA
2014-08-28T16:42:49.000-05:00,43,m,United Kingdom,NA,No,Yes,No,NA,More than 1000,No,No,Don't know,No,No,No,Don't know,Very easy,Maybe,No,Some of them,Yes,No,Maybe,Don't know,No,NA
2014-08-28T16:52:34.000-05:00,36,male,United Kingdom,NA,Yes,No,No,Sometimes,6-25,Yes,Yes,No,No,No,No,Don't know,Somewhat difficult,No,No,Yes,Yes,No,Maybe,Don't know,Yes,NA
2014-08-28T17:02:56.000-05:00,32,male,United Kingdom,NA,No,Yes,Yes,Rarely,6-25,No,No,No,No,No,No,No,Don't know,Yes,Maybe,Some of them,No,No,No,No,No,NA
2014-08-28T17:03:42.000-05:00,26,Male,United Kingdom,NA,Yes,No,Yes,Rarely,1-5,Yes,Yes,No,Not sure,Don't know,Don't know,Don't know,Somewhat difficult,No,No,Yes,Yes,Maybe,Maybe,Yes,No,NA
2014-08-28T17:08:16.000-05:00,34,male,United Kingdom,NA,No,No,No,NA,6-25,Yes,Yes,No,No,No,No,No,Somewhat difficult,Yes,Maybe,No,No,No,Yes,No,Yes,NA
2014-08-28T17:12:30.000-05:00,32,Female,United Kingdom,NA,No,Yes,Yes,Sometimes,100-500,No,Yes,Don't know,No,No,No,Don't know,Somewhat difficult,Maybe,No,Some of them,Some of them,No,Yes,Don't know,Yes,NA
2014-08-28T17:14:31.000-05:00,41,male,United Kingdom,NA,No,No,No,NA,26-100,No,No,Yes,Yes,Yes,Yes,Yes,Don't know,Maybe,Maybe,Some of them,Some of them,No,Yes,No,Yes,NA
2014-08-28T17:20:41.000-05:00,23,Female,United Kingdom,NA,No,Yes,No,Never,More than 1000,No,No,No,No,No,Yes,Don't know,Somewhat easy,Yes,Maybe,No,No,No,Maybe,Don't know,No,NA
2014-08-28T17:28:58.000-05:00,38,m,United Kingdom,NA,No,Yes,No,NA,500-1000,No,No,Yes,Yes,Yes,Yes,Don't know,Somewhat easy,No,No,Some of them,Yes,No,Maybe,No,No,NA
2014-08-28T19:03:47.000-05:00,30,Male,United Kingdom,NA,No,No,Yes,Sometimes,26-100,No,Yes,No,No,No,No,Don't know,Somewhat difficult,Yes,Maybe,Some of them,No,No,Maybe,No,No,NA
2014-08-29T04:39:23.000-05:00,33,M,United Kingdom,NA,No,No,No,NA,More than 1000,No,Yes,Don't know,Not sure,Don't know,Don't know,Don't know,Don't know,No,No,Some of them,Yes,Maybe,Maybe,Don't know,No,NA
2014-08-29T04:53:12.000-05:00,32,Male,United Kingdom,NA,No,No,No,NA,6-25,No,Yes,Don't know,No,No,No,Don't know,Very easy,No,No,No,Yes,No,Maybe,No,No,NA
2014-08-29T05:54:26.000-05:00,33,Male,United Kingdom,NA,Yes,Yes,Yes,Sometimes,1-5,Yes,Yes,No,Yes,No,No,No,Very difficult,Yes,Maybe,Some of them,Some of them,No,Maybe,No,Yes,NA
2014-08-29T05:57:48.000-05:00,26,Female,United Kingdom,NA,Yes,Yes,Yes,Sometimes,1-5,Yes,Yes,No,No,No,No,Don't know,Very easy,Maybe,No,Some of them,Yes,No,Maybe,Yes,No,I am a Trans woman and suffer from depression relating to that. I'm a contractor so I've answered the questions as relating to my current contract.
2014-08-29T06:06:46.000-05:00,25,Male,United Kingdom,NA,No,No,No,Never,6-25,Yes,Yes,Don't know,Not sure,Don't know,Don't know,Don't know,Very easy,No,No,Yes,Yes,No,No,Don't know,No,NA
2014-08-29T06:37:49.000-05:00,45,Male,United Kingdom,NA,No,Yes,No,Rarely,100-500,No,No,Don't know,No,No,No,Don't know,Don't know,Maybe,No,Some of them,No,No,Maybe,Don't know,No,NA
2014-08-29T08:57:14.000-05:00,28,Male,United Kingdom,NA,No,Yes,Yes,Often,26-100,No,Yes,No,No,No,No,Don't know,Somewhat easy,Maybe,Maybe,Yes,Yes,No,No,No,No,NA
2014-08-29T08:59:40.000-05:00,34,female,United Kingdom,NA,No,Yes,Yes,Often,26-100,Yes,No,Yes,Yes,No,Yes,No,Somewhat easy,Yes,Yes,Some of them,No,No,No,Don't know,No,NA
2014-08-29T09:02:04.000-05:00,29,Male,United Kingdom,NA,No,No,Yes,Sometimes,6-25,Yes,Yes,No,No,No,No,Don't know,Very easy,No,No,Yes,Yes,No,Yes,Yes,No,NA
2014-08-29T09:13:43.000-05:00,19,Male,United Kingdom,NA,No,No,No,NA,6-25,No,Yes,Yes,No,No,Yes,Don't know,Very easy,No,No,Yes,Yes,No,No,Yes,No,NA
2014-08-29T09:19:25.000-05:00,35,Male,United Kingdom,NA,Yes,No,No,Sometimes,1-5,No,Yes,Don't know,Not sure,No,Don't know,Don't know,Somewhat easy,No,No,Some of them,Yes,No,No,Don't know,No,NA
2014-08-29T09:23:44.000-05:00,32,Male,United Kingdom,NA,No,No,No,Rarely,500-1000,No,Yes,No,No,No,No,Don't know,Don't know,Yes,No,No,No,No,No,Don't know,No,NA
2014-08-29T09:36:04.000-05:00,34,Male,United Kingdom,NA,No,No,No,Never,500-1000,No,Yes,Don't know,No,No,Don't know,Don't know,Very easy,Maybe,No,Yes,Yes,No,No,Yes,No,NA
2014-08-29T11:22:46.000-05:00,29,f,United Kingdom,NA,No,No,Yes,Often,More than 1000,No,No,Yes,Yes,No,No,Don't know,Don't know,Maybe,No,Some of them,No,No,Yes,No,Yes,NA
2014-08-29T16:30:50.000-05:00,32,male,United Kingdom,NA,No,Yes,Yes,Sometimes,1-5,No,No,Yes,Yes,Yes,Yes,Yes,Somewhat easy,Maybe,Maybe,Some of them,Some of them,No,Maybe,No,No,NA
2014-09-01T06:53:28.000-05:00,41,M,United Kingdom,NA,No,Yes,No,NA,6-25,No,Yes,No,No,No,No,Don't know,Somewhat difficult,Maybe,Maybe,Some of them,Some of them,Maybe,Maybe,Don't know,No,NA
2014-09-01T08:23:15.000-05:00,21,Male,United Kingdom,NA,No,No,Yes,Sometimes,More than 1000,No,No,Don't know,No,No,Don't know,Don't know,Don't know,Maybe,No,Some of them,No,No,No,Don't know,No,NA
2014-09-01T21:03:25.000-05:00,39,M,United Kingdom,NA,No,Yes,Yes,Sometimes,More than 1000,No,No,No,No,No,No,Yes,Very easy,Maybe,Maybe,Some of them,Yes,Maybe,Maybe,Yes,No,Despite the impression that several 'no' responses might give my employer has been very supportive. But then I work in health care.
2014-09-02T08:24:43.000-05:00,34,Female,United Kingdom,NA,No,Yes,No,Rarely,26-100,No,No,Yes,Yes,Yes,Yes,Yes,Very easy,No,No,Some of them,Yes,Maybe,Maybe,Yes,No,NA
2015-02-21T04:16:23.000-06:00,37,Male,United Kingdom,NA,No,No,No,Never,26-100,Yes,Yes,Don't know,No,No,No,Don't know,Somewhat easy,No,No,Some of them,Yes,No,Yes,Don't know,No,NA
2015-02-21T09:18:20.000-06:00,34,Female,United Kingdom,NA,No,No,Yes,Sometimes,More than 1000,No,No,No,Yes,No,Yes,Yes,Somewhat difficult,Maybe,Maybe,Some of them,Yes,No,Maybe,No,Yes,NA
2015-02-21T11:55:46.000-06:00,23,Male,United Kingdom,NA,No,No,No,Never,26-100,No,Yes,Don't know,No,No,No,Don't know,Somewhat easy,Maybe,No,Some of them,Some of them,No,Maybe,Yes,Yes,Although my employer does everything they can to accommodate employees with mental health problems when those individuals cannot carry out any work assigned to them (even over the course of months) they appear to have no alternative but to terminate their employment. However I believe this would be the same for a physical health problem.
2015-02-24T08:54:35.000-06:00,23,Female,United Kingdom,NA,No,Yes,Yes,Sometimes,6-25,No,Yes,No,Yes,No,Yes,Yes,Very easy,No,No,Yes,Yes,Maybe,Maybe,Yes,No,NA
2015-02-24T08:58:08.000-06:00,24,Cis Man,United Kingdom,NA,Yes,No,Yes,Sometimes,6-25,Yes,Yes,No,No,No,No,Don't know,Don't know,Maybe,Maybe,Some of them,Some of them,No,Maybe,Don't know,Yes,NA
2015-02-24T09:00:56.000-06:00,25,Male,United Kingdom,NA,No,Yes,Yes,Sometimes,More than 1000,No,No,Yes,Yes,Yes,Yes,Yes,Very easy,No,No,Yes,Yes,Yes,Yes,Yes,No,I work at a large university with a track record of health and wellbeing support
2015-05-05T15:16:25.000-05:00,32,female,United Kingdom,NA,No,No,No,NA,More than 1000,No,No,No,No,No,Don't know,Don't know,Don't know,Maybe,No,Some of them,Yes,No,Yes,No,No,NA
